id,psnr,ssim,lpips
000000,27.010768717987183,0.7437618,0.11917050182819366
000001,23.422468438679065,0.80138034,0.053700484335422516
000002,28.193477221518904,0.8211433,0.07154936343431473
000003,24.011023551039862,0.6856893,0.11712801456451416
000004,27.41121255232588,0.7342644,0.16317033767700195
000005,27.081137102858897,0.7412464,0.15729264914989471
000006,27.800689153361215,0.8422444,0.055281758308410645
000007,29.383923323698657,0.82847714,0.056158341467380524
000008,27.35800989255265,0.80636835,0.0655207633972168
000009,25.319908991839654,0.76375884,0.08423896133899689
000010,26.3848303684942,0.7864444,0.08881854265928268
000011,23.109930131615926,0.7990934,0.045475684106349945
000012,24.151847282258572,0.7620624,0.13052494823932648
000013,26.048090206640083,0.80892736,0.07486658543348312
000014,28.485526974394233,0.83361524,0.06931697577238083
000015,26.419033300195967,0.8080786,0.04952956736087799
000016,28.385308242409366,0.77833086,0.09943398833274841
000017,27.10565454299763,0.7974345,0.056856341660022736
000018,26.81002773628531,0.79079676,0.0634467676281929
000019,23.399235608058714,0.7652061,0.07842321693897247
000020,29.262215208175746,0.8632495,0.04238796606659889
000021,27.0040968681918,0.7643016,0.12232938408851624
000022,25.61179193382238,0.7737083,0.09006473422050476
000023,27.224651972195378,0.73463106,0.18413373827934265
000024,24.692833464179845,0.71704024,0.11188536882400513
000025,28.464026454654977,0.8176937,0.08444654196500778
000026,24.054381697944653,0.75988054,0.07162382453680038
000027,22.270568939232064,0.6807087,0.04753280058503151
000028,28.579991369347432,0.86209005,0.05365367233753204
000029,28.695339862226295,0.64637583,0.12290937453508377
000030,28.137989421683358,0.83754104,0.10362367331981659
000031,21.80188625843777,0.63936406,0.13319458067417145
000032,29.939342477590518,0.88995165,0.05022626370191574
000033,20.8954903421035,0.5546164,0.226459801197052
000034,27.882734697605137,0.8196334,0.03893721103668213
000035,30.715773379304125,0.81671715,0.11835269629955292
000036,29.662014158194552,0.8415482,0.1269054412841797
000037,21.06538575107184,0.70721245,0.10890431702136993
000038,26.728040978480664,0.7778311,0.059580426663160324
000039,27.759248916920832,0.8046406,0.05587269365787506
000040,23.441984435984615,0.7628116,0.06659271568059921
000041,25.01446852545542,0.79565626,0.04404713585972786
000042,23.672548660389722,0.69929284,0.13695743680000305
000043,28.443987123077676,0.7293877,0.23585842549800873
000044,22.115468914748256,0.6764517,0.1871246099472046
000045,25.121331753323474,0.764205,0.07197914272546768
000046,25.61865214926548,0.7972494,0.05937393754720688
000047,28.3241702360147,0.84924275,0.060823552310466766
000048,25.945418892997147,0.78378993,0.16045667231082916
000049,26.075886866612628,0.8630238,0.04836129769682884
000050,28.486610588770063,0.7954214,0.10852773487567902
000051,28.031485685659785,0.8431292,0.0791996568441391
000052,29.127134901492674,0.8539502,0.03938300162553787
000053,26.6009185824282,0.7874489,0.09244632720947266
000054,27.864545946123826,0.7919752,0.08316833525896072
000055,23.40559461844358,0.7395785,0.08116230368614197
000056,28.967587889293036,0.85622025,0.049028653651475906
000057,27.23403602334507,0.79622453,0.08366312086582184
000058,25.314436424370772,0.7201181,0.08337821811437607
000059,25.578696057880492,0.80599433,0.07556861639022827
000060,25.425959878206687,0.7770488,0.09368856996297836
000061,25.029523753538125,0.6211607,0.2592845857143402
000062,32.06269692962454,0.9192746,0.03437895327806473
000063,23.61522187648714,0.6995905,0.1638534516096115
000064,27.146872845279432,0.75782293,0.14699013531208038
000065,24.02345460801714,0.774254,0.111331045627594
000066,26.371308478456132,0.71428233,0.13804684579372406
000067,23.142209382002786,0.74749255,0.05991732329130173
000068,29.501164554827007,0.8437255,0.0940462201833725
000069,29.178240571671093,0.7896791,0.08208029717206955
000070,23.1672426480792,0.788163,0.06611856818199158
000071,30.619465175159903,0.87272865,0.0626133605837822
000072,26.136408359475695,0.75672126,0.09093615412712097
000073,27.13723347773321,0.82739115,0.06084534525871277
000074,22.74623686650145,0.57615834,0.24685105681419373
000075,29.266319884455623,0.82028335,0.07161755859851837
000076,26.03115323221628,0.8112931,0.04083874076604843
000077,21.939485606067386,0.64288265,0.17756953835487366
000078,28.68131862295675,0.86241627,0.0775100588798523
000079,28.44664851526916,0.86325043,0.046600960195064545
000080,24.33163468023558,0.6946853,0.13471227884292603
000081,29.03627279726132,0.8561554,0.07873693108558655
000082,27.3605732221826,0.7075781,0.13903933763504028
000083,28.075823319778127,0.83813816,0.05291377753019333
000084,23.128624031175153,0.69266444,0.06096203625202179
000085,28.052058529160163,0.81251305,0.06576970964670181
000086,23.931045345435294,0.76699334,0.07217878848314285
000087,26.983597511010814,0.8492798,0.059645090252161026
000088,25.969411590229818,0.7912931,0.09106658399105072
000089,30.096106745565283,0.8422079,0.06713710725307465
000090,28.344009767765858,0.79590446,0.10270371288061142
000091,24.154831555588572,0.7242163,0.06773363798856735
000092,27.949044186767786,0.7500269,0.12568415701389313
000093,26.831261541592866,0.7273121,0.1272517293691635
000094,24.571641781837343,0.7835571,0.08523841202259064
000095,27.733905486826266,0.838486,0.058318644762039185
000096,26.925278028650055,0.811558,0.08585836738348007
000097,34.20577442165526,0.9379471,0.04698263108730316
000098,22.318257128568632,0.81771904,0.028105270117521286
000099,20.037690319123513,0.48897448,0.10667705535888672
000100,18.481996770909554,0.47202137,0.17914514243602753
000101,27.226329965741847,0.78742296,0.08302690088748932
000102,27.50632377353101,0.8065214,0.11552797257900238
000103,30.070641876781494,0.8878693,0.0548064187169075
000104,23.113765492117228,0.715086,0.08759772032499313
000105,30.32581033459188,0.86924475,0.06894128024578094
000106,25.81870532697144,0.84298986,0.060858797281980515
000107,32.63720836173941,0.90914804,0.041752949357032776
000108,32.09345114349054,0.8656519,0.13681243360042572
000109,24.669989491291908,0.70257205,0.11294800043106079
000110,24.319947025889167,0.6631519,0.1087627187371254
000111,28.435543662631133,0.86364275,0.06414412707090378
000112,25.787242642957608,0.8353973,0.06180887669324875
000113,29.38772876714919,0.8636132,0.0676083043217659
000114,30.33594557394999,0.85358363,0.03310251981019974
000115,26.687941605430577,0.6188785,0.21828500926494598
000116,26.23485626388053,0.77621096,0.06532465666532516
000117,23.102666596222548,0.7784144,0.11127328872680664
000118,22.088482083942544,0.7127957,0.09899549186229706
000119,27.192867232097377,0.8044091,0.11377537250518799
000120,26.66003160912546,0.82450086,0.06264124810695648
000121,25.338072376271384,0.73432297,0.06712989509105682
000122,24.003045709734483,0.7802887,0.07376328110694885
000123,25.644642914027397,0.68974024,0.1709180623292923
000124,20.662637017573978,0.678716,0.11099834740161896
000125,25.332264320302336,0.83136606,0.08317725360393524
000126,27.49380428699842,0.80730623,0.08414433151483536
000127,24.721824400786456,0.77422476,0.08404213935136795
000128,26.940121790284707,0.81110996,0.07052271068096161
000129,26.060206932399517,0.7903648,0.062385424971580505
000130,28.530623626693714,0.74471945,0.15634775161743164
000131,26.84546891413497,0.8481206,0.02786514349281788
000132,25.709988143560775,0.76938385,0.07540001720190048
000133,24.52675098673108,0.83462435,0.061384886503219604
000134,27.246607993348782,0.75424623,0.14081263542175293
000135,24.61406199809543,0.7321482,0.10181473195552826
000136,23.876831163457425,0.8233693,0.04262298718094826
000137,26.761191446455058,0.8277975,0.03647920489311218
000138,25.751800614505843,0.7693804,0.05931582674384117
000139,26.60775599528928,0.74681044,0.10353638976812363
000140,23.796194327999295,0.811306,0.0644850879907608
000141,23.290170583232246,0.7116179,0.12162375450134277
000142,30.74149690314171,0.87867856,0.04127083718776703
000143,30.085857699242293,0.87605685,0.03959782049059868
000144,26.906358633656367,0.8447984,0.044712089002132416
000145,26.492575136160003,0.789598,0.07801931351423264
000146,28.047311636188972,0.7693643,0.1366460621356964
000147,25.26791148891843,0.77630144,0.07943177223205566
000148,24.446345133879447,0.7896376,0.06534375250339508
000149,26.21196448529615,0.7238998,0.0886375829577446
000150,23.54043668788782,0.7841235,0.06935489922761917
000151,27.660268619887315,0.7352526,0.18114568293094635
000152,27.360855059992886,0.76571566,0.2004813849925995
000153,23.057380938801863,0.7307783,0.08970916271209717
000154,28.0113947145991,0.7554657,0.14365406334400177
000155,22.70193116442946,0.60315174,0.22907403111457825
000156,25.527508221337605,0.8167861,0.05732554569840431
000157,29.368063504131822,0.83781236,0.10990222543478012
000158,28.626441240090593,0.8357236,0.06630407273769379
000159,21.217850711086676,0.6895228,0.08443689346313477
000160,25.002658340761933,0.80601007,0.03419802337884903
000161,29.27117949026972,0.8579796,0.07000387459993362
000162,30.3234000208113,0.8143876,0.16618569195270538
000163,24.044927570967566,0.746752,0.1157522052526474
000164,21.10001872758145,0.6374495,0.12569668889045715
000165,28.118917940514937,0.70533496,0.2004784345626831
000166,24.442794009547942,0.76201755,0.09046933799982071
000167,25.74799103455382,0.79874974,0.10266263037919998
000168,26.520307655297522,0.79399425,0.08361560106277466
000169,28.020316453949373,0.73489445,0.18720601499080658
000170,25.71771376731394,0.7612054,0.062094107270240784
000171,28.6024390787675,0.8563606,0.05632718652486801
000172,26.05289598919442,0.7447793,0.11391718685626984
000173,23.564648461190796,0.781349,0.07819949090480804
000174,28.31277054913986,0.8548136,0.04890429973602295
000175,26.765084833651407,0.83984137,0.09304304420948029
000176,27.175538873567504,0.8167531,0.08085119724273682
000177,26.84841455781641,0.7459063,0.06849568337202072
000178,27.16569409779442,0.816855,0.14193333685398102
000179,27.403383439360816,0.76216435,0.09733463823795319
000180,29.062443110845223,0.8651311,0.04672112688422203
000181,30.573232032223938,0.87076026,0.07317867875099182
000182,27.680752291441042,0.796107,0.10181429982185364
000183,23.83808870141695,0.6588726,0.09305108338594437
000184,28.65497043121603,0.85928077,0.0759759172797203
000185,25.743516496585986,0.7790428,0.0836639255285263
000186,20.97904624377285,0.693439,0.08976467698812485
000187,25.282045857908308,0.68517905,0.13931098580360413
000188,24.767553910740908,0.8253562,0.07680360972881317
000189,24.737337167475335,0.85368377,0.04176969826221466
000190,27.680275737884777,0.8177171,0.07355769723653793
000191,22.75907685910507,0.67052007,0.17388875782489777
000192,23.55412075704079,0.6690409,0.18200501799583435
000193,26.969696783143796,0.82274467,0.08471314609050751
000194,25.19520963046204,0.85904574,0.044323768466711044
000195,25.237687632947843,0.7249486,0.06035063788294792
000196,23.381164862947927,0.56196475,0.08332205563783646
000197,30.820762414428305,0.8808798,0.06161975488066673
000198,25.74572333593864,0.7976969,0.06227957457304001
000199,25.675191954400344,0.6913398,0.18314793705940247
000200,24.358978633492473,0.72776836,0.11224102228879929
000201,23.947001049259168,0.81967837,0.1161564290523529
000202,29.202528358680297,0.8679094,0.05864197015762329
000203,31.186707567184797,0.8404088,0.11995653063058853
000204,27.999632131626683,0.7997821,0.07776395976543427
000205,27.748976272749033,0.8302464,0.0723453089594841
000206,27.490805439800816,0.84593755,0.051738400012254715
000207,23.681279407113625,0.7336397,0.12787462770938873
000208,22.150291873720285,0.5832506,0.17048925161361694
000209,27.248873843202514,0.9025912,0.026675596833229065
000210,29.50150409582758,0.8361893,0.109550341963768
000211,28.212884309651525,0.76378995,0.1213807687163353
000212,23.322481777037083,0.6815843,0.09424624592065811
000213,29.673542152756994,0.85670704,0.06475120782852173
000214,26.828975418474453,0.8026851,0.08193820714950562
000215,23.42406036065242,0.81409556,0.07464097440242767
000216,22.99631378724671,0.58328635,0.27351006865501404
000217,28.8228735011389,0.79525596,0.11955738812685013
000218,28.469516617429463,0.8794761,0.048617955297231674
000219,29.115141370232273,0.7904168,0.10126742720603943
000220,25.403040400367466,0.7901924,0.12122812867164612
000221,22.80082532949658,0.46666965,0.34674274921417236
000222,24.5515929767298,0.65504843,0.12166368961334229
000223,26.250778967876073,0.8191714,0.0837947204709053
000224,23.828061775615556,0.63089556,0.15989309549331665
000225,28.966763522795382,0.8197968,0.11535163223743439
000226,28.47790353713117,0.8676574,0.04727573320269585
000227,30.12807944957273,0.82017374,0.10872282832860947
000228,26.41843243709596,0.82688355,0.05897479131817818
000229,27.027105557476983,0.8130491,0.06194876879453659
000230,29.402334182795343,0.852434,0.01869451068341732
000231,26.028723449893963,0.7556117,0.10504233092069626
000232,26.33755833577289,0.8568122,0.08884545415639877
000233,29.027851811739108,0.89557457,0.04415435343980789
000234,26.522972655651834,0.817908,0.0903131440281868
000235,20.42980744884669,0.67886066,0.14450758695602417
000236,23.903599338514546,0.6121702,0.21112750470638275
000237,25.96063567906192,0.8245597,0.03795311599969864
000238,28.153574877832593,0.8348438,0.06251437216997147
000239,26.829727228814736,0.7237142,0.1551106572151184
000240,20.248226593839366,0.54542357,0.19024629890918732
000241,25.503193972667525,0.80137604,0.08075735718011856
000242,30.634105083704203,0.832129,0.11852328479290009
000243,27.71830735957056,0.80550575,0.056304462254047394
000244,29.033840652846244,0.83343154,0.07242943346500397
000245,26.443175714506644,0.8163965,0.04222419857978821
000246,28.692132228068445,0.80427915,0.0989576056599617
000247,23.894463330385122,0.77215844,0.11250714957714081
000248,23.534396250496382,0.6903915,0.0968494564294815
000249,27.196310021565964,0.8133481,0.06261009722948074
000250,27.28253668371115,0.85897064,0.055190298706293106
000251,30.143412606786953,0.89619917,0.047390684485435486
000252,29.057016966658797,0.7466052,0.25505000352859497
000253,33.074262701549465,0.9084303,0.07867298275232315
000254,20.70714577828777,0.7506426,0.08662211894989014
000255,29.489937904277227,0.8223858,0.05934985727071762
000256,24.48214531931072,0.62185836,0.19510339200496674
000257,23.179089815781957,0.846235,0.043836940079927444
000258,25.265071542499463,0.7335081,0.1097918152809143
000259,30.082485841469722,0.8894794,0.06156137213110924
000260,25.447508192377413,0.77993226,0.09763132780790329
000261,25.74891892042745,0.7862918,0.09400372207164764
000262,25.8985529680832,0.8002775,0.06893649697303772
000263,28.589584776456615,0.85271525,0.06861786544322968
000264,25.41292688241817,0.72602195,0.11081364750862122
000265,25.06912447790092,0.7585191,0.11019802838563919
000266,29.575784467791078,0.8724983,0.07552662491798401
000267,20.429365178283536,0.45622674,0.21315111219882965
000268,26.885163678652233,0.71882004,0.17917542159557343
000269,23.023815118772436,0.7445143,0.04077087715268135
000270,28.14924210003198,0.87000054,0.0632820725440979
000271,26.04093870738363,0.7365995,0.12846148014068604
000272,23.977686956011954,0.6799872,0.19415178894996643
000273,26.50247376959376,0.83208877,0.09752120822668076
000274,25.767918507793908,0.7344775,0.10584376752376556
000275,29.791686258301134,0.88639754,0.021483687683939934
000276,20.70250133612064,0.5698416,0.11238839477300644
000277,27.332630306129122,0.79207706,0.12366891652345657
000278,26.673882511481658,0.7862773,0.11258808523416519
000279,26.799334338961454,0.83357614,0.06728588044643402
000280,26.463532051518204,0.78698653,0.08908093720674515
000281,28.590989875871998,0.83041507,0.059441063553094864
000282,29.272005578232175,0.8278305,0.11329425126314163
000283,27.926799215012817,0.78339744,0.20309314131736755
000284,26.51295154289242,0.8358004,0.047337666153907776
000285,26.25832261743931,0.7066398,0.1726982742547989
000286,30.18071694186999,0.8404427,0.06937485933303833
000287,25.46972303925571,0.74460673,0.1436183899641037
000288,26.624381526256023,0.768574,0.0835762768983841
000289,28.227424822893717,0.83288294,0.111753448843956
000290,26.23170376820155,0.7637911,0.14500992000102997
000291,26.43234560374513,0.84502196,0.04960804432630539
000292,28.40888691174812,0.7875824,0.1156364157795906
000293,25.86845006209625,0.82372785,0.04661674052476883
000294,29.659400795030813,0.7745063,0.143637552857399
000295,30.016068110920997,0.8560237,0.05556361749768257
000296,26.056268718423862,0.79230875,0.11204145848751068
000297,25.541656185385516,0.8509461,0.02732640691101551
000298,26.778742739909426,0.7731026,0.1108250543475151
000299,27.369466653378378,0.76390344,0.11762458831071854
000300,24.745627350891304,0.6705124,0.17062652111053467
000301,24.02705514382019,0.8016546,0.04736771062016487
000302,26.172147739455415,0.7831431,0.08004269003868103
000303,26.168333564759408,0.82873774,0.05714196711778641
000304,22.88503645530144,0.6653134,0.1170525923371315
000305,26.62485434253839,0.8383541,0.0681481808423996
000306,28.84660677137296,0.8618489,0.06240451708436012
000307,24.151075116647572,0.83675814,0.04005352407693863
000308,24.58459755521526,0.79820013,0.08482368290424347
000309,23.33262602536862,0.6593729,0.10499343276023865
000310,26.692939008367684,0.8008931,0.07095478475093842
000311,24.766071151861958,0.8041056,0.04265175759792328
000312,27.65619314981082,0.7783963,0.11525839567184448
000313,21.935735081567657,0.71980447,0.07890520989894867
000314,29.272097786537255,0.8918612,0.041385866701602936
000315,25.591329373985378,0.66446894,0.10577061027288437
000316,28.18322502647371,0.8630519,0.033271677792072296
000317,30.26348070204849,0.8802454,0.04222560673952103
000318,27.97139435814718,0.80997306,0.058241989463567734
000319,28.103471187199915,0.8002317,0.12684831023216248
000320,29.47808473732788,0.89656407,0.024861976504325867
000321,23.232435365151765,0.81806034,0.06630954891443253
000322,28.29215891056348,0.86680716,0.08472815155982971
000323,24.620576051538134,0.76648647,0.09720290452241898
000324,25.80597790916501,0.7338288,0.13904130458831787
000325,26.942604374851147,0.8471665,0.050104863941669464
000326,21.015070647891566,0.61623406,0.09347216039896011
000327,32.10427725720274,0.9102282,0.04120592027902603
000328,22.29276252365732,0.612639,0.1480526179075241
000329,28.538851325117545,0.84552306,0.07054304331541061
000330,23.870685576974083,0.8408393,0.027430443093180656
000331,25.141747811193564,0.68227273,0.18758700788021088
000332,25.975148707584207,0.7739138,0.06514082103967667
000333,24.580613205647886,0.74659425,0.08888907730579376
000334,27.38880481459304,0.85914785,0.045721810311079025
000335,27.658786296260296,0.7240719,0.2217435985803604
000336,27.42854998548936,0.8680765,0.05966048687696457
000337,27.38125917315625,0.8357809,0.05090932175517082
000338,25.792216459468204,0.8382481,0.047366511076688766
000339,21.19150465493337,0.60522157,0.19070900976657867
000340,28.49157951359991,0.8003256,0.07402060925960541
000341,27.3326468078614,0.8579037,0.05258979648351669
000342,27.679094461268058,0.8213701,0.08575685322284698
000343,28.457048019583773,0.73555964,0.13892704248428345
000344,27.373122908332675,0.80701095,0.08928511291742325
000345,19.855894090732523,0.57642794,0.1725103259086609
000346,28.03862748676616,0.83279985,0.0585990808904171
000347,28.701700563674276,0.8383796,0.06526563316583633
000348,27.461865127755836,0.8456839,0.04434776306152344
000349,22.214846625055344,0.7512683,0.044633448123931885
000350,27.746333737357716,0.7994122,0.13563528656959534
000351,25.0230638185852,0.79163677,0.08927669376134872
000352,28.127002210125855,0.7471814,0.18373940885066986
000353,27.103067831889277,0.8016562,0.10107803344726562
000354,30.346479951468215,0.8830686,0.08262991160154343
000355,22.973864354365226,0.70103383,0.15388880670070648
000356,25.367294016825362,0.77465194,0.11810798197984695
000357,24.561405476870014,0.77537626,0.09206253290176392
000358,21.100141054776532,0.6170513,0.06709939986467361
000359,27.794995954263722,0.7964496,0.10088147968053818
000360,28.585997350597992,0.85875386,0.06735268235206604
000361,24.0154160948237,0.6588471,0.17177380621433258
000362,23.639663745280693,0.60589117,0.19942697882652283
000363,26.74532407576105,0.7995243,0.0728214830160141
000364,27.957374849062504,0.77752656,0.12690645456314087
000365,22.2238184341558,0.7496341,0.13441944122314453
000366,30.51555869833947,0.9064176,0.035163406282663345
000367,26.727594908226656,0.835336,0.08402390033006668
000368,21.31404269049563,0.52771896,0.20876841247081757
000369,23.89736627341216,0.7245598,0.08119885623455048
000370,28.36840166940282,0.86293095,0.030772972851991653
000371,25.104921210487305,0.6729129,0.1779557466506958
000372,28.2944230643173,0.7732584,0.15906284749507904
000373,30.064995818500467,0.8853366,0.046628303825855255
000374,27.88773644318972,0.8211374,0.05487782135605812
000375,22.367184251568673,0.48442855,0.23940962553024292
000376,25.501525346604048,0.75489306,0.08437573909759521
000377,28.429929102969837,0.8214441,0.11536871641874313
000378,27.528581905563712,0.85036343,0.05696520581841469
000379,26.661656012596406,0.80741554,0.06046237796545029
000380,29.37103964900603,0.8679212,0.061803463846445084
000381,32.44468307820363,0.86141163,0.13600127398967743
000382,26.06772295526641,0.73642236,0.15727145969867706
000383,26.82499373660481,0.60101515,0.2687520384788513
000384,24.780913481747973,0.7545473,0.07200029492378235
000385,23.435678125579873,0.5878718,0.25606411695480347
000386,23.18610605258831,0.5999275,0.20020154118537903
000387,25.25062221083296,0.7220185,0.09972939640283585
000388,30.19945967489678,0.8559068,0.09775193780660629
000389,28.271820218942757,0.83120376,0.06875985860824585
000390,28.37337429754613,0.8208139,0.0960480272769928
000391,29.834621749048644,0.8365894,0.10418999195098877
000392,31.088612949571363,0.87656206,0.06656747311353683
000393,24.3185327976127,0.7183456,0.12909263372421265
000394,23.487615238281542,0.6343527,0.19302141666412354
000395,25.682953053553295,0.8697855,0.056104179471731186
000396,28.968610822750666,0.8561012,0.04727143794298172
000397,25.98092599588185,0.73489237,0.12928271293640137
000398,22.73619699662425,0.64334416,0.1312800496816635
000399,27.116703977672575,0.7746174,0.07860016822814941
000400,26.434053206561767,0.82671064,0.05927138030529022
000401,28.02051181056963,0.755765,0.07477645576000214
000402,23.774783669760108,0.681575,0.10000172257423401
000403,23.090108846733436,0.77472454,0.08964855223894119
000404,27.8119834347495,0.8378131,0.05407704785466194
000405,25.750744536876994,0.804962,0.08439420908689499
000406,23.01661208927392,0.69882554,0.0884150043129921
000407,24.708800572882268,0.7252931,0.1502002477645874
000408,30.904927487951323,0.859169,0.09157226234674454
000409,24.90814439575562,0.7972862,0.05958976596593857
000410,27.22126158590352,0.85752267,0.05957360565662384
000411,25.419988810323556,0.8353588,0.05747857317328453
000412,26.444664615174858,0.7423735,0.12814287841320038
000413,26.914251272350803,0.8242304,0.06061214581131935
000414,25.8546642904971,0.7155512,0.09928081929683685
000415,30.070260813081028,0.824022,0.1137574315071106
000416,26.644427937385355,0.8240121,0.06749942898750305
000417,26.697523710664658,0.78908604,0.05884779244661331
000418,29.73484170108803,0.8536032,0.07395046949386597
000419,27.042866664712953,0.7956156,0.11647093296051025
000420,26.64133597429759,0.8485959,0.049077894538640976
000421,26.10873237855659,0.7621996,0.11184707283973694
000422,24.62255576708772,0.7097308,0.06507114320993423
000423,26.17879850371689,0.7821917,0.046596214175224304
000424,23.190163597312186,0.76145244,0.05602002516388893
000425,29.01990945580711,0.8636933,0.04414484277367592
000426,23.12250081175351,0.8101592,0.05121989548206329
000427,23.77611563205044,0.75353736,0.1573910415172577
000428,22.55324782690764,0.69980806,0.0948253646492958
000429,28.733840595683798,0.86305994,0.05287041887640953
000430,31.73647326969084,0.8328736,0.134456068277359
000431,26.520982525105403,0.72690135,0.14403843879699707
000432,25.463986748384357,0.77437896,0.06570953130722046
000433,29.821567534834124,0.88919526,0.05379391089081764
000434,27.353644291230545,0.83018786,0.06159715726971626
000435,24.878614999367954,0.73195046,0.06423775106668472
000436,24.322873660762163,0.6861331,0.12014074623584747
000437,23.29023415301799,0.70620555,0.10888697952032089
000438,26.820633219956402,0.76186544,0.0865546390414238
000439,28.565203191570504,0.88490516,0.03889031708240509
000440,23.16426387602816,0.731221,0.1783973127603531
000441,25.319496397369655,0.8418903,0.06230224296450615
000442,26.527051636281918,0.80425596,0.055334173142910004
000443,33.69305120961834,0.9250197,0.07564496994018555
000444,27.1992021872777,0.80906266,0.09546984732151031
000445,29.32333954289373,0.9038229,0.053939007222652435
000446,28.717640985079306,0.85002875,0.05974249541759491
000447,25.985941811987992,0.5025807,0.20384205877780914
000448,28.947745934288292,0.80406636,0.06759023666381836
000449,28.4646425786367,0.87768316,0.04344528540968895
000450,25.54713573158818,0.71757597,0.10171643644571304
000451,22.803056168791894,0.74596196,0.09454677253961563
000452,25.038260039266376,0.73079234,0.10226678103208542
000453,24.66909956380384,0.77763516,0.0953584611415863
000454,28.375428979677263,0.83654404,0.10541927069425583
000455,29.76094282631901,0.8129627,0.09674835950136185
000456,27.838295780100253,0.83961266,0.06375828385353088
000457,26.624273237038114,0.8059642,0.07520005851984024
000458,25.22567966340654,0.7671861,0.08866749703884125
000459,26.610183302857248,0.79216665,0.1033722385764122
000460,22.650596980313473,0.7013421,0.10338550806045532
000461,28.895446424250146,0.8683674,0.06350591778755188
000462,18.898720186604642,0.5307152,0.19702038168907166
000463,26.04784539256475,0.8102829,0.09194159507751465
000464,26.62443348082744,0.734521,0.10694994777441025
000465,28.86497560546288,0.8703496,0.045592039823532104
000466,23.67570828791102,0.57973415,0.1331602931022644
000467,24.830420537545564,0.7815502,0.08046567440032959
000468,24.568080404310983,0.6946617,0.13455802202224731
000469,27.910517313515463,0.83353186,0.09149358421564102
000470,28.56779596076871,0.84181863,0.055184707045555115
000471,25.411031448003136,0.70193225,0.13018183410167694
000472,22.653272485639015,0.6760146,0.15748509764671326
000473,28.561748151389324,0.8436919,0.11740873008966446
000474,27.935216773634345,0.8238687,0.06517381966114044
000475,26.602927847732172,0.82762784,0.04191121459007263
000476,27.500180254264816,0.8501992,0.029336649924516678
000477,24.04012687599234,0.6532174,0.16386035084724426
000478,27.38525927732722,0.83066124,0.06508218497037888
000479,26.659892525815696,0.8289561,0.07606890797615051
000480,25.495309886217182,0.7891648,0.0997580885887146
000481,21.71644844726222,0.6290075,0.13288341462612152
000482,28.47750734111387,0.88592225,0.04155939444899559
000483,26.201135809121993,0.5563128,0.24041366577148438
000484,27.610299871454835,0.78810674,0.05566843971610069
000485,25.90713077242592,0.7960718,0.07962039858102798
000486,23.089059152819434,0.6658882,0.06615525484085083
000487,28.611571012410593,0.8803609,0.029910141602158546
000488,24.234435861301154,0.7765384,0.06422212719917297
000489,24.821120675781923,0.691365,0.13711853325366974
000490,27.533185029499535,0.7787034,0.08182060718536377
000491,28.01313507418144,0.80840683,0.13085076212882996
000492,30.75804064623375,0.88579315,0.08095227926969528
000493,26.817808350439755,0.7734019,0.09708598256111145
000494,21.781663556344068,0.7057047,0.08549430966377258
000495,27.451542915099907,0.8291169,0.07531895488500595
000496,25.346001305409626,0.8434277,0.05596231296658516
000497,23.938808041106007,0.7166378,0.13002599775791168
000498,25.092590751582083,0.73871046,0.09155333042144775
000499,25.3169282287721,0.85465807,0.04433290660381317
000500,24.554415847379634,0.75443673,0.06589339673519135
000501,30.138043522277425,0.8776774,0.10220766067504883
000502,30.631930158419806,0.85354465,0.14101912081241608
000503,26.52857680728595,0.7732703,0.09964047372341156
000504,28.17020319364603,0.84396195,0.08007265627384186
000505,27.852721915519297,0.79922867,0.10407333821058273
000506,27.085102953146055,0.7827112,0.12138724327087402
000507,30.259954548994664,0.84139663,0.07754500210285187
000508,26.239783142738947,0.7392931,0.14474381506443024
000509,25.370599825080433,0.7460203,0.15780837833881378
000510,24.79803902910036,0.6444142,0.24050013720989227
000511,26.59806791730839,0.79752016,0.09674277156591415
000512,25.259391652800044,0.7927787,0.0822506844997406
000513,19.33111935030538,0.66213447,0.07810455560684204
000514,28.916387428170008,0.8754723,0.05360516905784607
000515,29.643631717469766,0.8812681,0.042083002626895905
000516,24.46668834124977,0.82871956,0.04650510847568512
000517,29.210206410024966,0.76707983,0.1362341046333313
000518,25.779579051283406,0.80330247,0.06977168470621109
000519,24.944749020587565,0.832434,0.05373600870370865
000520,22.04229847734799,0.549567,0.3283159136772156
000521,24.871713970997487,0.85235834,0.02296113595366478
000522,31.61735024508539,0.885375,0.06607482582330704
000523,31.82634810106449,0.9239743,0.040352340787649155
000524,26.633916916550405,0.84672993,0.04225995019078255
000525,29.122785093119244,0.8503504,0.08710908144712448
000526,25.99100377308835,0.75183576,0.08720923215150833
000527,26.875068902785877,0.75450176,0.14499522745609283
000528,25.738025922692586,0.8142695,0.07676038146018982
000529,28.103495378147056,0.79845077,0.1045205146074295
000530,26.66324318673043,0.7124335,0.13169574737548828
000531,24.277314724496474,0.7206406,0.1341497004032135
000532,23.811342894797164,0.56427175,0.23062928020954132
000533,29.754739015228715,0.8571479,0.061693720519542694
000534,24.34607768955668,0.71360874,0.09028805047273636
000535,26.296270816703654,0.8132704,0.087481290102005
000536,24.61321503698956,0.6530408,0.13538551330566406
000537,24.73708487557872,0.6768319,0.1729293018579483
000538,25.30742407144213,0.79098314,0.053909219801425934
000539,24.262188478495894,0.67833084,0.16746622323989868
000540,26.299570313695277,0.8093899,0.05641278624534607
000541,24.421977429469997,0.7314391,0.1230829656124115
000542,24.890106563379785,0.4000751,0.29693907499313354
000543,23.707490491677632,0.8309264,0.037747569382190704
000544,23.688819497274043,0.7468679,0.06911264359951019
000545,25.6766636983533,0.7703665,0.08501183241605759
000546,25.23005991379823,0.73282117,0.06598083674907684
000547,28.203013858331218,0.846747,0.05674886703491211
000548,29.761492024364195,0.81408954,0.0919111967086792
000549,27.348938330234272,0.8074085,0.09210088849067688
000550,25.78738905870738,0.78649235,0.09090442955493927
000551,23.9725810594488,0.5232239,0.3059347867965698
000552,28.668132701430167,0.8599851,0.04169439524412155
000553,25.946646899447874,0.81161547,0.061302997171878815
000554,26.635292739863402,0.7890482,0.06510908901691437
000555,28.998682873901647,0.85745007,0.07764152437448502
000556,29.3283406700914,0.8860186,0.055500924587249756
000557,28.986361877422716,0.87777954,0.05346890538930893
000558,28.918330436885334,0.8563263,0.0579732209444046
000559,31.77962286907072,0.90690184,0.04909936711192131
000560,25.733041675133343,0.8025741,0.06016184762120247
000561,27.507687182808965,0.82210284,0.035313576459884644
000562,28.196517400968283,0.8345646,0.06717076152563095
000563,24.01803341346723,0.7524929,0.08940915763378143
000564,25.776787180621756,0.7673808,0.09726512432098389
000565,27.245202751711712,0.8570799,0.046964190900325775
000566,27.905870280854415,0.8779543,0.0774826630949974
000567,28.71283257697185,0.8580997,0.06400533765554428
000568,26.280718036973045,0.66733724,0.14602848887443542
000569,31.337864787725355,0.8728733,0.06623326987028122
000570,26.556611917961167,0.6709831,0.06444321572780609
000571,25.805300908213496,0.77783126,0.05635485798120499
000572,22.856853288083915,0.57942337,0.14370930194854736
000573,27.415472647075983,0.78983945,0.0919279083609581
000574,27.931390493109912,0.85460854,0.05507897213101387
000575,25.042866502762323,0.7700071,0.1495026797056198
000576,22.70337974964444,0.7672057,0.07788200676441193
000577,24.86812169686678,0.76006293,0.03127555921673775
000578,29.75854793236603,0.86744434,0.07137909531593323
000579,30.036294468227915,0.8691309,0.06911646574735641
000580,27.940319903069003,0.8792389,0.02782692201435566
000581,25.79779434358954,0.8213341,0.041955240070819855
000582,20.483299461343847,0.7674704,0.06749740988016129
000583,26.536772171666318,0.80664796,0.05706116184592247
000584,26.090419484924002,0.73135835,0.08875852078199387
000585,29.74517514591968,0.8653135,0.06363711506128311
000586,25.972654878799272,0.76829034,0.08428214490413666
000587,26.2796480562254,0.781835,0.07169005274772644
000588,27.935111275086754,0.8076168,0.11926569044589996
000589,30.44685074046634,0.89584595,0.05267060548067093
000590,21.130525365574453,0.6388946,0.15945881605148315
000591,29.061882843790826,0.8412573,0.0886194035410881
000592,26.198063521955568,0.78918535,0.08664432168006897
000593,24.957419947430928,0.794508,0.061086803674697876
000594,30.38635972699529,0.82219166,0.18897582590579987
000595,24.17500129774261,0.6851535,0.11442963778972626
000596,26.252443012487415,0.7786935,0.08981600403785706
000597,24.056064066974272,0.6980302,0.06907890737056732
000598,27.628496424554335,0.719738,0.21755464375019073
000599,24.670056472376338,0.74015737,0.07993019372224808
000600,22.630901483125356,0.4907696,0.29987749457359314
000601,26.766946779914736,0.8204413,0.09832698106765747
000602,22.899418782546157,0.53002304,0.3270043432712555
000603,26.254030474826386,0.8054305,0.0537705235183239
000604,26.184348342905132,0.6457422,0.19790774583816528
000605,26.65029100264554,0.6824746,0.1460813730955124
000606,24.40433238076914,0.71677166,0.14642921090126038
000607,27.48227185174929,0.73632854,0.14320464432239532
000608,30.666361975727252,0.87507015,0.07230350375175476
000609,27.152932789868384,0.8311402,0.06730261445045471
000610,29.307202829720005,0.8930559,0.06366747617721558
000611,29.475287207523714,0.8681974,0.06243294104933739
000612,25.081261047201913,0.70766973,0.12241177260875702
000613,22.029047923174208,0.5341152,0.190327987074852
000614,30.79402768210112,0.88197297,0.06557473540306091
000615,30.54861803371952,0.88604766,0.05727440491318703
000616,27.54095182147833,0.7805353,0.08792658895254135
000617,31.803507959429197,0.9183467,0.03220584616065025
000618,29.450957812795714,0.8828123,0.05019465833902359
000619,26.61388404492056,0.7599797,0.19541406631469727
000620,25.791711673742736,0.61860716,0.1606375277042389
000621,29.10467847110801,0.85683495,0.0604044608771801
000622,30.57600661995189,0.85682464,0.06306871771812439
000623,22.798171508642614,0.76273745,0.10615876317024231
000624,29.511034857557057,0.86581516,0.048663631081581116
000625,25.064432510790656,0.6841815,0.1302073895931244
000626,30.330866265055306,0.8681415,0.08352848887443542
000627,27.69954856712248,0.8417985,0.04454497992992401
000628,24.720596923391184,0.5637014,0.4149078130722046
000629,26.888585410984483,0.82854396,0.04472101479768753
000630,28.14465786822717,0.7199316,0.09076062589883804
000631,27.833961309400024,0.8223212,0.08736702799797058
000632,25.294780479611806,0.7648657,0.09205272793769836
000633,28.326524787597,0.7365001,0.14264117181301117
000634,24.069927352130485,0.7130998,0.11519202589988708
000635,21.86256562684358,0.63237554,0.20126952230930328
000636,25.76171494239142,0.75239867,0.10526412725448608
000637,28.897631378870624,0.83351207,0.07905922830104828
000638,22.96704834705863,0.49782142,0.13465990126132965
000639,27.695443015329595,0.8599246,0.0555310882627964
000640,25.962304933416213,0.7910797,0.09054839611053467
000641,27.29774767056821,0.83199877,0.053553592413663864
000642,25.84829512007376,0.7809677,0.07713448256254196
000643,29.33888766905964,0.82959414,0.10731823742389679
000644,28.707417792182376,0.7898157,0.11107014864683151
000645,27.85314510591229,0.7796669,0.1375499963760376
000646,28.93452120327735,0.85956955,0.04584193602204323
000647,26.802782243638262,0.7336219,0.08900997042655945
000648,27.332005929494265,0.8350196,0.04413687810301781
000649,23.456790884407944,0.7446367,0.10418623685836792
000650,22.391917923504877,0.63998574,0.150669127702713
000651,24.797913200666464,0.7239104,0.10707218945026398
000652,24.244681391454968,0.7820673,0.10104253888130188
000653,27.15632859990428,0.8178447,0.05983347445726395
000654,26.53907869195686,0.73713607,0.13161936402320862
000655,28.293640065534113,0.8098672,0.11508844792842865
000656,29.299252544501144,0.8897562,0.02518443949520588
000657,30.401330665952205,0.84840536,0.09614892303943634
000658,28.479004311219498,0.8321442,0.07722092419862747
000659,25.141188358008222,0.8232208,0.06158839911222458
000660,27.02909238810815,0.7835427,0.08899644017219543
000661,27.39245879765199,0.8172167,0.07811063528060913
000662,24.325972732562807,0.65694064,0.19944891333580017
000663,24.8523408009425,0.7635208,0.05599404498934746
000664,24.853355702717348,0.7350008,0.06564825773239136
000665,28.33532304993657,0.8467327,0.0530317947268486
000666,27.855707001381468,0.858794,0.05906616523861885
000667,27.833707077507842,0.741438,0.06064208596944809
000668,26.841405159169813,0.82327557,0.05380365997552872
000669,32.17366740503129,0.8838453,0.07350541651248932
000670,21.990585753985094,0.6920807,0.09225575625896454
000671,30.54611631652868,0.8115929,0.15373064577579498
000672,27.577580607677675,0.8270263,0.06020230054855347
000673,26.57333090243391,0.6199576,0.17700082063674927
000674,21.84222333388394,0.70979714,0.1670578420162201
000675,22.70105809998907,0.7951479,0.04493645951151848
000676,24.006150063664645,0.6350617,0.20106737315654755
000677,23.945678004494766,0.7276669,0.13889440894126892
000678,21.289179397949106,0.6008616,0.1244666576385498
000679,27.303890825414104,0.80781585,0.046823401004076004
000680,28.986190324881733,0.6791846,0.2623041272163391
000681,28.82683104097481,0.8879716,0.042735278606414795
000682,30.672995443387258,0.8961313,0.05202529579401016
000683,28.75125241712347,0.8092871,0.0893678069114685
000684,27.15561410708649,0.86296654,0.04623312130570412
000685,21.52843081898325,0.61786944,0.1313440054655075
000686,23.273100696948323,0.7084369,0.1044442355632782
000687,27.976583641896507,0.89117557,0.04482540115714073
000688,26.591667477676502,0.8182537,0.060364190489053726
000689,27.560761187252027,0.8600638,0.049518004059791565
000690,26.836065634569888,0.74713534,0.09956862032413483
000691,22.53322961179716,0.6462779,0.1259240210056305
000692,28.68865806259906,0.7969473,0.14909647405147552
000693,22.760146246667524,0.73082644,0.13300776481628418
000694,27.07384214226964,0.81649953,0.05787797272205353
000695,27.49925763951596,0.74328166,0.09967029094696045
000696,27.790221175687474,0.8286218,0.07945290207862854
000697,24.685770646047096,0.7035959,0.16833080351352692
000698,25.682718067728374,0.7151439,0.09559965878725052
000699,19.268334253534732,0.7137577,0.08944188058376312
000700,25.030670938027207,0.8295386,0.06779579818248749
000701,30.582210615158875,0.89278764,0.04957249015569687
000702,28.46090152944067,0.88723135,0.041465625166893005
000703,22.272378098973284,0.7625649,0.047129154205322266
000704,28.308979515495697,0.87993145,0.042042721062898636
000705,25.56242270056202,0.7969322,0.10295897722244263
000706,29.17380220138117,0.8559546,0.05923357233405113
000707,29.013035067742496,0.8593176,0.056809354573488235
000708,26.81635898193901,0.8124695,0.03357856348156929
000709,25.541786679714534,0.6439982,0.18541905283927917
000710,26.221733733161408,0.7529536,0.12343429028987885
000711,26.282642462496234,0.85189074,0.03093133307993412
000712,26.80989476804585,0.7992136,0.10151980072259903
000713,27.05141102311385,0.8449564,0.07341081649065018
000714,25.082145754221656,0.653824,0.12293047457933426
000715,24.84478507899814,0.82955223,0.06663300096988678
000716,24.0044546988269,0.643032,0.14119623601436615
000717,26.764099452254268,0.73854035,0.06906601041555405
000718,28.194727930233057,0.8174458,0.09024345874786377
000719,20.139255611458786,0.5917692,0.12287730723619461
000720,27.59173710862467,0.71640164,0.1722436547279358
000721,24.942045433676185,0.7717084,0.04068633168935776
000722,27.386297206960243,0.8344514,0.09115667641162872
000723,28.769548086904393,0.8135319,0.12227547913789749
000724,27.995166550013685,0.84180945,0.04554317519068718
000725,26.544363792894963,0.85529345,0.046317391097545624
000726,31.407844223668675,0.9052833,0.054859451949596405
000727,28.20629118700641,0.7576824,0.1572144329547882
000728,23.089603344931014,0.6662782,0.11462507396936417
000729,24.639937963054198,0.4952517,0.18336698412895203
000730,23.784264081731685,0.7661218,0.0891316831111908
000731,27.998739046726485,0.8080011,0.06415604799985886
000732,25.159444890314436,0.7436926,0.10225410759449005
000733,25.64529312610665,0.8473709,0.077658511698246
000734,23.9795971134254,0.61485606,0.15369680523872375
000735,29.22187582786342,0.8334203,0.05737289786338806
000736,26.20213680862185,0.7436474,0.09977388381958008
000737,27.336348016392968,0.7334502,0.105404794216156
000738,25.234436997457923,0.67466027,0.16487416625022888
000739,29.960864485145645,0.86802816,0.07968828827142715
000740,24.131241084011688,0.6513729,0.19887006282806396
000741,26.29632711952176,0.7571624,0.11257091164588928
000742,27.9701638378201,0.88684845,0.029836827889084816
000743,29.165002284533337,0.87525415,0.06881625205278397
000744,26.34023418443942,0.7657616,0.08843305706977844
000745,31.559373988357038,0.8758745,0.10468675196170807
000746,20.616026665887954,0.7486692,0.1020950973033905
000747,26.762059571449804,0.8161369,0.08345013111829758
000748,33.30133060061626,0.8999966,0.06317835301160812
000749,27.459791492208048,0.7916389,0.11696621775627136
000750,20.97275266299118,0.68774706,0.0773538202047348
000751,26.914962996324647,0.84096575,0.05166814848780632
000752,22.68694106582254,0.71604276,0.08656584471464157
000753,24.424225708032502,0.5667486,0.3941549062728882
000754,29.88181218235599,0.8943606,0.04726302623748779
000755,24.41951413524965,0.6360958,0.12347646057605743
000756,26.92976926440347,0.7353752,0.18219412863254547
000757,23.54077553082115,0.7093484,0.09894238412380219
000758,24.285506325378332,0.6641789,0.11982136964797974
000759,25.44589637135552,0.65409297,0.24730367958545685
000760,27.687251028972856,0.79898816,0.06273037195205688
000761,30.169911127313817,0.89709425,0.056623123586177826
000762,29.35516512562243,0.870724,0.030820781365036964
000763,29.964187692825533,0.9008592,0.02736015059053898
000764,22.95436678017317,0.5830043,0.21601878106594086
000765,27.76690394312358,0.86547565,0.034539852291345596
000766,27.161833401089545,0.75515103,0.09619810432195663
000767,28.981320716116493,0.8527654,0.07795574516057968
000768,20.483705858383917,0.7382129,0.060026511549949646
000769,28.157352362776457,0.8751231,0.06417239457368851
000770,27.0194184783052,0.8324992,0.05556193366646767
000771,26.69819996770424,0.8014669,0.06654421240091324
000772,24.697262736007893,0.8094914,0.07177062332630157
000773,19.887487660602204,0.70694155,0.08923609554767609
000774,27.936916938969055,0.8368814,0.058718401938676834
000775,31.541391299579267,0.85397047,0.08228433132171631
000776,29.329569091523638,0.87923354,0.037572309374809265
000777,27.64912735775102,0.8585181,0.05144159123301506
000778,28.04204849569382,0.83323175,0.04404905065894127
000779,30.00737957990588,0.8385122,0.08596398681402206
000780,27.34100521066663,0.82890576,0.14326965808868408
000781,23.81218143443752,0.7597661,0.07622969895601273
000782,21.252203684967842,0.65286374,0.11497446894645691
000783,24.706846959156124,0.69599706,0.13441850244998932
000784,26.863840904387768,0.73089296,0.1186307817697525
000785,28.690422616028798,0.7604298,0.14105156064033508
000786,24.647278162751725,0.65705526,0.1427559107542038
000787,31.20212785169224,0.8970137,0.05065827816724777
000788,26.439776726620963,0.8215526,0.05081309378147125
000789,33.91222319759875,0.9292292,0.07570436596870422
000790,29.223657691420577,0.845494,0.06789281964302063
000791,26.942167721239777,0.8414466,0.1211857721209526
000792,27.093309930996682,0.79080415,0.07113764435052872
000793,28.562278503152946,0.77884585,0.12069964408874512
000794,22.94103096280267,0.6986453,0.12980876863002777
000795,27.92864061205283,0.76712155,0.18895608186721802
000796,29.776916470976612,0.89457107,0.051819585263729095
000797,24.462281078682082,0.7144969,0.07955406606197357
000798,28.0971815905764,0.8927941,0.037847183644771576
000799,22.63828565255631,0.743295,0.07335879653692245
000800,26.223155902348307,0.6825173,0.21381127834320068
000801,27.18324569505907,0.8017969,0.06437860429286957
000802,23.876614104627436,0.6321916,0.14887362718582153
000803,28.239503265837453,0.86744905,0.05707549303770065
000804,22.109111564510158,0.74624985,0.1336425393819809
000805,25.50840815956655,0.8071715,0.045771148055791855
000806,20.540983897314,0.7197342,0.1111055538058281
000807,25.517757725985447,0.7480828,0.08041234314441681
000808,26.320732756104373,0.7969163,0.0828201025724411
000809,26.340054127648322,0.76286644,0.10864654183387756
000810,29.051931608222997,0.8522174,0.05491318181157112
000811,25.214591672149865,0.5207222,0.28191596269607544
000812,26.672956425714865,0.87273103,0.05801151320338249
000813,25.243579943940887,0.7331297,0.11862996220588684
000814,27.770246282413442,0.84512395,0.06923149526119232
000815,26.668821038766858,0.8799627,0.049377232789993286
000816,26.362783783784405,0.72904366,0.18479403853416443
000817,22.42369341088188,0.596908,0.20790742337703705
000818,26.69955028488452,0.6693127,0.1413637399673462
000819,27.977070724793176,0.8693001,0.0575009360909462
000820,23.969747141146676,0.7352965,0.12060068547725677
000821,25.30149529141645,0.8095098,0.04937809333205223
000822,30.353292837855363,0.8810651,0.05488404631614685
000823,27.613491554551118,0.7990964,0.07658889889717102
000824,28.834670979961242,0.8706184,0.06060003861784935
000825,23.222204158115673,0.5839986,0.19762535393238068
000826,21.909238402916287,0.7253073,0.11188990622758865
000827,26.838522335812144,0.8144226,0.08207724243402481
000828,23.464938848817944,0.731647,0.07825449854135513
000829,24.11590865756586,0.7551076,0.13927879929542542
000830,26.01583585655222,0.8057844,0.04759370535612106
000831,25.320502873699976,0.7003681,0.08345910906791687
000832,23.670298145340837,0.7852921,0.07320469617843628
000833,24.65845027846519,0.72913617,0.08679033070802689
000834,23.849046624508183,0.6978294,0.1317615509033203
000835,27.93183540919765,0.8177638,0.07655029743909836
000836,21.36936902279457,0.65225124,0.13639619946479797
000837,26.63833598176921,0.8386147,0.04044584557414055
000838,29.131955220961757,0.81358916,0.11126380413770676
000839,26.980411146406126,0.8611047,0.0359501987695694
000840,22.961298991350265,0.7245614,0.055706970393657684
000841,27.919707714232445,0.7895554,0.07762221992015839
000842,24.767386129001736,0.82325935,0.05777784436941147
000843,26.64850278089275,0.74852926,0.14671652019023895
000844,28.059922007666643,0.8400127,0.05748990923166275
000845,24.273574880727512,0.7276245,0.08776003122329712
000846,32.03124059888679,0.8874847,0.07267636060714722
000847,25.70062076998985,0.7719452,0.13654321432113647
000848,24.342790065585483,0.6045162,0.1809598058462143
000849,27.73808683059926,0.72000617,0.20918205380439758
000850,24.427064155074902,0.74740106,0.04741916432976723
000851,28.601047348540018,0.84248966,0.04271583631634712
000852,24.233738306029814,0.8006684,0.05402643233537674
000853,25.09550462683814,0.82848495,0.061037577688694
000854,23.753799882710904,0.724479,0.2339302897453308
000855,29.725397032164942,0.8154244,0.08516358584165573
000856,29.33599138506187,0.8562984,0.05531080439686775
000857,21.74959283701004,0.78785783,0.04709096625447273
000858,28.558528115925583,0.7467554,0.14557980000972748
000859,30.07132304570057,0.8611946,0.062407441437244415
000860,28.43947360437573,0.8515563,0.042958058416843414
000861,25.04532268634495,0.7890529,0.10795636475086212
000862,27.767141359101824,0.76324654,0.14384444057941437
000863,27.58566994405973,0.78282934,0.07221769541501999
000864,24.4137432896116,0.7197132,0.0828511193394661
000865,25.928329842829662,0.75928384,0.09487827867269516
000866,27.464446138370505,0.8009502,0.09457894414663315
000867,27.28499644162616,0.81005377,0.0525931715965271
000868,31.123553578797104,0.8429406,0.07727347314357758
000869,26.377191819023096,0.8287743,0.04839519038796425
000870,26.976464550560873,0.8394683,0.0741560161113739
000871,24.318045807947797,0.76770276,0.095622219145298
000872,26.378270326628076,0.8274959,0.11973349750041962
000873,27.0041393084552,0.8027609,0.08390779793262482
000874,24.601381457262512,0.77324396,0.08918154984712601
000875,24.053041120693557,0.8164813,0.07416519522666931
000876,26.422543996711955,0.8241866,0.07068630307912827
000877,27.923966923578977,0.86254007,0.03545685485005379
000878,20.372191288868116,0.74176055,0.09063087403774261
000879,23.759909115165563,0.7079175,0.1110093742609024
000880,19.488469707206963,0.554714,0.10789785534143448
000881,29.370302593227066,0.86260104,0.04757131263613701
000882,27.98837532928532,0.7638579,0.19725044071674347
000883,25.985884217308577,0.77403206,0.04400290176272392
000884,26.761328344618825,0.75565743,0.11894800513982773
000885,23.39091310664772,0.69014627,0.13275021314620972
000886,21.517846840423193,0.44988945,0.2943938970565796
000887,24.334170419403762,0.62310404,0.19343635439872742
000888,28.915384641806114,0.87740344,0.03750899061560631
000889,30.879494009343293,0.896162,0.05403107404708862
000890,27.011764573701488,0.79607266,0.062231287360191345
000891,28.476526220772417,0.8362448,0.0698038786649704
000892,26.40833372467752,0.8737506,0.04729876667261124
000893,29.409340067406816,0.8457041,0.09152498841285706
000894,24.897648484260063,0.6975953,0.11165463924407959
000895,26.415223560978887,0.7397097,0.06271824240684509
000896,26.02396487490497,0.76782113,0.09540043771266937
000897,25.800165333998013,0.63741946,0.15635406970977783
000898,23.954845412056297,0.6931479,0.13232918083667755
000899,29.258174572478094,0.8150797,0.11781807243824005
000900,26.412594484070336,0.7803486,0.13168437778949738
000901,31.030083948493083,0.806463,0.16558608412742615
000902,26.766670801008825,0.8270364,0.07717062532901764
000903,27.161486961925036,0.73066854,0.12131737917661667
000904,26.931670306678512,0.6732771,0.1587938368320465
000905,24.49967844627797,0.7895637,0.059602271765470505
000906,25.968373581970923,0.6950095,0.20614071190357208
000907,26.568096747311266,0.8019545,0.07393748313188553
000908,23.987793391337355,0.7560461,0.1464781016111374
000909,25.252716306561055,0.74566394,0.13980704545974731
000910,29.6928238389939,0.86178046,0.054032012820243835
000911,26.180346118438777,0.7765293,0.09444090723991394
000912,30.39704146136019,0.9005942,0.04597218707203865
000913,25.485430899548813,0.7396808,0.11933143436908722
000914,25.1148339724088,0.65883505,0.09593964368104935
000915,28.652996138449573,0.7579749,0.1096847876906395
000916,28.334945204044217,0.82106084,0.08215109258890152
000917,28.800812094502287,0.81483084,0.05976457521319389
000918,27.142504502586608,0.7971361,0.08865773677825928
000919,26.070243816050144,0.70323867,0.16924245655536652
000920,31.11259413746349,0.88753533,0.06646851450204849
000921,25.078618134721413,0.83554393,0.045421943068504333
000922,26.71756342454995,0.75377876,0.08517838269472122
000923,28.363519620568255,0.8001872,0.10150624811649323
000924,29.42824403449057,0.8674595,0.05151059851050377
000925,26.273416661879935,0.7190508,0.16638629138469696
000926,19.628270357197955,0.74244714,0.07286839187145233
000927,26.261680397929553,0.7883076,0.08112367242574692
000928,27.950064991126876,0.8313181,0.07831857353448868
000929,22.50338113002868,0.6711221,0.07571551948785782
000930,26.037444178362104,0.74849534,0.13183259963989258
000931,30.292791373388354,0.78983384,0.18465499579906464
000932,26.553176646314427,0.8476264,0.04960889369249344
000933,24.48446918370361,0.7794642,0.09206172823905945
000934,26.30360548083679,0.8125839,0.07847268879413605
000935,25.972600132455938,0.6469955,0.24370500445365906
000936,29.51233680334798,0.8472982,0.05988464877009392
000937,27.50587876179582,0.76405114,0.17123419046401978
000938,29.331118384919883,0.8517008,0.05187126249074936
000939,27.39979963996978,0.6955059,0.17388483881950378
000940,22.89106317057204,0.72794706,0.1456669121980667
000941,26.83100421232785,0.8080773,0.09956199675798416
000942,27.280703273708028,0.7592609,0.1423954963684082
000943,30.112605102991413,0.86611897,0.05292389169335365
000944,26.111014561322612,0.75106263,0.11494206637144089
000945,22.036291133709064,0.5722764,0.24810560047626495
000946,28.066610393999728,0.7948554,0.13558995723724365
000947,25.321871646991752,0.82180095,0.08162350207567215
000948,26.16292490600605,0.81988305,0.06062498688697815
000949,25.917909403688455,0.7995762,0.043600086122751236
000950,22.49203564951199,0.6301358,0.1812608242034912
000951,27.84109846425769,0.8021453,0.09294728934764862
000952,26.564376910178833,0.7251592,0.11317294836044312
000953,23.517274771301476,0.6391265,0.1327054798603058
000954,21.46888501000896,0.62956095,0.08744708448648453
000955,23.515229366549146,0.7434947,0.08927460759878159
000956,25.925397138890595,0.75670767,0.14509521424770355
000957,27.072779761395154,0.8623684,0.03751660883426666
000958,23.500667522312767,0.5727329,0.15566042065620422
000959,29.782674522489266,0.80831975,0.11359114944934845
000960,24.301057011616646,0.76141524,0.08887793123722076
000961,29.470130159666155,0.85137695,0.05633706599473953
000962,28.192387060915824,0.75419194,0.1504131555557251
000963,27.484168534810074,0.75311,0.0525519996881485
000964,26.717829139601186,0.6960891,0.15355457365512848
000965,31.102543674164597,0.8880415,0.05031941086053848
000966,27.574997682234773,0.8265311,0.06927089393138885
000967,25.713181505405217,0.77376264,0.07831831276416779
000968,24.468307858665106,0.6689941,0.11237989366054535
000969,23.25235940625727,0.6481156,0.1345205008983612
000970,24.687323421291115,0.8174347,0.06647490710020065
000971,24.78347404827742,0.76318294,0.14172300696372986
000972,27.835319912976054,0.81958896,0.0658431276679039
000973,26.330368819733554,0.7874828,0.12754514813423157
000974,26.662225429436663,0.83656806,0.06838240474462509
000975,26.95137396466507,0.8560621,0.04406307637691498
000976,28.48230552149106,0.85459304,0.04538588225841522
000977,28.129828265286502,0.83855444,0.09133170545101166
000978,28.77333774287996,0.8571925,0.05820250138640404
000979,28.778206212352107,0.8226667,0.07357046753168106
000980,25.2477354272493,0.81051683,0.06813199073076248
000981,24.205791509159486,0.76697683,0.10669965296983719
000982,24.655253746644664,0.5675448,0.2704756557941437
000983,26.855475979788466,0.79030055,0.09874911606311798
000984,27.857795600894207,0.7982009,0.08440722525119781
000985,25.619072032352328,0.8697694,0.04962969943881035
000986,26.572619752257655,0.83355784,0.051682453602552414
000987,25.595312799534238,0.7367645,0.11675885319709778
000988,22.645365246833947,0.8014278,0.04156133532524109
000989,25.95623799829022,0.8080628,0.07089942693710327
000990,21.615014169697414,0.6007802,0.13996753096580505
000991,25.616898528354525,0.77791524,0.06189994886517525
000992,28.726806162836954,0.8410878,0.07155922055244446
000993,21.146704622166688,0.60144305,0.18536162376403809
000994,28.31384927376719,0.88282996,0.05852624028921127
000995,21.985452477479697,0.58513206,0.17923900485038757
000996,28.857952038768218,0.83236355,0.06846736371517181
000997,20.452064745642108,0.7381012,0.09069176763296127
000998,27.79010866683477,0.8416569,0.07263563573360443
000999,27.476482110572626,0.8001974,0.10622381418943405
